Time Period,SSMI Scenario,Drought Severity (%)
Baseline (1982-2014),baseline_SSMI,35.86
Baseline (1982-2014),scenario1_SSMI,35.86
Baseline (1982-2014),scenario2_SSMI,36.11
Baseline (1982-2014),scenario3_SSMI,35.86
Near future (2015-2040),baseline_SSMI,36.22
Near future (2015-2040),scenario1_SSMI,35.58
Near future (2015-2040),scenario2_SSMI,35.9
Near future (2015-2040),scenario3_SSMI,35.9
Mid future (2041-2074),baseline_SSMI,37.99
Mid future (2041-2074),scenario1_SSMI,38.73
Mid future (2041-2074),scenario2_SSMI,38.48
Mid future (2041-2074),scenario3_SSMI,37.99
Far future (2075-2100),baseline_SSMI,36.33
Far future (2075-2100),scenario1_SSMI,36.67
Far future (2075-2100),scenario2_SSMI,36.67
Far future (2075-2100),scenario3_SSMI,36.33
