﻿Title,Takeaway,Authors,Year,Citations,Abstract,Study Type,Journal,Journal SJR Quartile,DOI,Consensus Link
"Shrub encroachment accelerates the processes of moisture redistribution in alpine meadows on the Qinghai-Tibetan Plateau","Shrub encroachment in alpine meadows accelerates soil moisture redistribution, significantly impacting hydrological processes on the Qinghai-Tibetan Plateau.","Lirong Zhao, Kexin Li, Ni Zhu, Junmei Gao, Jing Zhang, Di Wang, Xiaoli Wang, Yanlong Wang, Yushou Ma, Yu Liu",2025,1,"","","Geoderma","1","10.1016/j.geoderma.2025.117196","https://consensus.app/papers/shrub-encroachment-accelerates-the-processes-of-moisture-zhang-wang/98fc202bb4925d21a9f2a95c99b383cf/"
"Woody Encroachment Modifies Subsurface Structure and Hydrological Function","Woody encroachment into grasslands increases coarse-root abundance and effective soil porosity, promoting deeper soil water infiltration and increasing soil water flow velocities.","K. Jarecke, Xi Zhang, R. Keen, Marc Dumont, Bonan Li, K. Sadayappan, Victoria Moreno, H. Ajami, Sharon A. Billings, Alejandro N. Flores, D. Hirmas, M. Kirk, Li Li, J. Nippert, K. Singha, P. L. Sullivan",2024,1,"Woody encroachment—the expansion of woody shrubs into grasslands—is a widely documented phenomenon with global significance for the water cycle. However, its effects on watershed hydrology, including streamflow and groundwater recharge, remain poorly understood. A key challenge is the limited understanding of how changes to root abundance, size and distribution across soil depths influence infiltration and preferential flow. We hypothesised that woody shrubs would increase and deepen coarse‐root abundance and effective soil porosity, thus promoting deeper soil water infiltration and increasing soil water flow velocities. To test this hypothesis, we conducted a study at the Konza Prairie Biological Station in Kansas, where roughleaf dogwood (Cornus drummondii) is the predominant woody shrub encroaching into native tallgrass prairie. We quantified the distribution of coarse and fine roots and leveraged soil moisture time series and electrical resistivity imaging to analyse soil water flow beneath shrubs and grasses. We observed a greater fraction of coarse roots beneath shrubs compared to grasses, which was concurrent with greater saturated hydraulic conductivity and effective porosity. Half‐hourly rainfall and soil moisture data show that the average soil water flow through macropores was 135% greater beneath shrubs than grasses at the deepest B horizon, consistent with greater saturated hydraulic conductivity. Soil‐moisture time series and electrical resistivity imaging also indicated that large rainfall events and greater antecedent wetness promoted more flow in the deeper layers beneath shrubs than beneath grasses. These findings suggest that woody encroachment alters soil hydrologic processes with cascading consequences for ecohydrological processes, including increased vertical connectivity and potential groundwater recharge.","","Ecohydrology","1","10.1002/eco.2731","https://consensus.app/papers/woody-encroachment-modifies-subsurface-structure-and-jarecke-li/ece2d6b51224562a80fc4b07bdb4b9d4/"
"Shrub encroachment in alpine meadows increases the potential risk of surface soil salinization by redistributing soil water","Shrub encroachment in alpine meadows increases soil pH by reducing soil moisture and enhancing soil capillary moisture capacity, potentially increasing soil salinity.","Yifan Liu, Zeng Cui, Ze Huang, M. López‐Vicente, Jingxue Zhao, L. Ding, Gao-lin Wu",2022,19,"","","CATENA","1","10.1016/j.catena.2022.106593","https://consensus.app/papers/shrub-encroachment-in-alpine-meadows-increases-the-huang-liu/b5f50f1427a351b6a857b82585aa044e/"
"Shrub encroachment and climate change increase the exposure to drought of Mediterranean wood-pastures.","Shrub encroachment and climate change together increase the exposure of Mediterranean wood-pastures to drought, resulting in longer droughts and higher reliance on shallow water.","V. Rolo, G. Moreno",2019,45,"","","The Science of the total environment","1","10.1016/j.scitotenv.2019.01.029","https://consensus.app/papers/shrub-encroachment-and-climate-change-increase-the-moreno-rolo/a8a72474d97c59638afc1fa8dfae7925/"
"Ecohydrological connectivity: A unifying framework for understanding how woody plant encroachment alters the water cycle in drylands","Woody plant encroachment in drylands alters ecohydrological connectivity, leading to changes in streamflows, groundwater recharge, and soil infiltrability.","B. Wilcox, S. Basant, Horia G. Olariu, P. Leite",2022,20,"Grasslands and savannas in drylands have been and continue to be converted to woodlands through a phenomenon often described as woody plant encroachment. This conversion has profound implications for the ecosystem services that these landscapes provide, including water. In this paper, using examples from six case studies across drylands in the Great Plains and Chihuahuan Desert regions of the United States, we explore the ecohydrological changes that occurred following woody plant encroachment (WPE). In all cases, the increase in woody plant cover brought about modifications in connectivity, which led to profound ecohydrological changes at both the patch and landscape scales. At the wet end of the dryland spectrum (subhumid climates), increases in evapotranspiration following WPE led to reduced streamflows and groundwater recharge. In drier regions, woody plant encroachment did not alter evapotranspiration appreciably but did significantly alter hydrological connectivity because of changes to soil infiltrability. In semiarid climates where rainfall is sufficient to maintain cover in intercanopy areas concurrent with woody plant encroachment (thicketization), overall soil infiltrability was increased—translating to either decreased streamflows or increased streamflows, depending on soils and geology. In the driest landscapes, woody plant encroachment led to xerification, whereby intercanopy areas became bare and highly interconnected, resulting in higher surface runoff and, ultimately, higher groundwater recharge because of transmission losses in stream channels. On the basis of our review of the studies’ findings, we argue that the concept of ecohydrological connectivity provides a unifying framework for understanding these different outcomes.","literature review","","2","10.3389/fenvs.2022.934535","https://consensus.app/papers/ecohydrological-connectivity-a-unifying-framework-for-wilcox-leite/611e3d94d4a851b5aa6092cf64893502/"
"Shrub encroachment enhances the infiltration capacity of alpine meadows by changing the community composition and soil conditions","Shrub encroachment into alpine meadows improves soil infiltration capacity by changing soil conditions and inhibiting herbaceous species, potentially impacting surface runoff and streamflow dynamics in the Qinghai-Tibetan Plateau.","Yifan Liu, Zhenchao Zhang, Yu Liu, Zeng Cui, P. Leite, Jianjun Shi, Yanlong Wang, Gao-lin Wu",2022,41,"","","CATENA","1","10.1016/j.catena.2022.106222","https://consensus.app/papers/shrub-encroachment-enhances-the-infiltration-capacity-of-wang-liu/d90f07bb241f5630a9af11cd4e156830/"
"Soil water and temperature dynamics in shrub-encroached grasslands and climatic implications: Results from Inner Mongolia steppe ecosystem of north China","Shrub encroachment in arid grasslands in China positively impacts soil moisture and temperature, allowing it to resist drought and freeze damage.","Xiao-yan Li, Si-Yi Zhang, Hai-Ying Peng, Xia Hu, Yujun Ma",2013,115,"","","Agricultural and Forest Meteorology","1","10.1016/J.AGRFORMET.2012.11.001","https://consensus.app/papers/soil-water-and-temperature-dynamics-in-shrubencroached-li-peng/2a346be891615dc6b79da427f81467dc/"
"Drier streams despite a wetter climate in woody-encroached grasslands","Woody encroachment in grasslands leads to drier streams and more droughts, despite a wetter climate, with more evapotranspiration and deeper groundwater flow.","K. Sadayappan, R. Keen, K. Jarecke, Victoria Moreno, J. Nippert, M. Kirk, P. L. Sullivan, Li Li",2023,14,"","","Journal of Hydrology","1","10.1016/j.jhydrol.2023.130388","https://consensus.app/papers/drier-streams-despite-a-wetter-climate-in-woodyencroached-kirk-nippert/1ce4ac0ffa705bab832e6743b2401818/"
"Shrub encroachment increases soil erosion risk in hillside alpine meadows of the Qinghai-Tibetan Plateau, NW China","Shrub encroachment in alpine meadows increases soil erosion risk by decreasing community density, fewer herbaceous roots, and topsoil looseness, ultimately decreasing the strength of the soils.","Yifan Liu, H. Fang, Ze Huang, P. Leite, Yu Liu, M. López‐Vicente, Jingxue Zhao, Zhihua Shi, Gao-lin Wu",2023,22,"","","CATENA","1","10.1016/j.catena.2022.106842","https://consensus.app/papers/shrub-encroachment-increases-soil-erosion-risk-in-huang-liu/8e5063f4b6ba5e47af05c1963f1aab20/"
"Effect of shrub encroachment on land surface temperature in semi-arid areas of temperate regions of the Northern Hemisphere","Shrub encroachment in semi-arid regions of the Northern Hemisphere can increase land surface temperature due to increased bare soil, decrease it in humid regions, and slightly decrease it in arid regions.","Xiangjin Shen, Yiwen Liu, Binhui Liu, Jiaqi Zhang, Lei Wang, Xianguo Lu, Ming-de Jiang",2022,77,"","","Agricultural and Forest Meteorology","1","10.1016/j.agrformet.2022.108943","https://consensus.app/papers/effect-of-shrub-encroachment-on-land-surface-temperature-wang-liu/1663c0447d4d5da98b8617083a962fc2/"
"Woody Plant Encroachment has a Larger Impact than Climate Change on Dryland Water Budgets","Woody plant encroachment into grasslands has a greater impact on groundwater recharge than climate change, affecting plant available water and groundwater vulnerability.","A. Schreiner‐McGraw, E. Vivoni, H. Ajami, O. Sala, H. Throop, D. Peters",2019,45,"","","Scientific Reports","1","10.1038/s41598-020-65094-x","https://consensus.app/papers/woody-plant-encroachment-has-a-larger-impact-than-climate-vivoni-sala/ac5e5e2664c95e5684c7c284218eee65/"
"Impact of Eastern Redcedar encroachment on water resources in the Nebraska Sandhills.","Eastern Redcedar encroachment in the Nebraska Sandhills can reduce streamflow and potentially increase pollutant concentrations in the Platte River.","Yaser Kishawi, A. Mittelstet, T. Gilmore, D. Twidwell, Roy Tirthankar, Nawaraj Shrestha",2022,9,"","","The Science of the total environment","1","10.1016/j.scitotenv.2022.159696","https://consensus.app/papers/impact-of-eastern-redcedar-encroachment-on-water-gilmore-tirthankar/9f1459c856de5e268e87cd4a4f17f96b/"
"ECOHYDROLOGICAL IMPLICATIONS OF WOODY PLANT ENCROACHMENT","Woody plant encroachment in semiarid and arid grassland ecosystems can decrease streamflow and increase evaporation, with potential impacts on carbon cycling and water yield.","T. Huxman, B. Wilcox, D. Breshears, Russell L. Scott, K. Snyder, Eric E. Small, K. Hultine, W. Pockman, Robert B. Jackson",2005,737,"Increases in the abundance or density of woody plants in historically semiarid and arid grassland ecosystems have important ecological, hydrological, and socioeconomic implications. Using a simplified water-balance model, we propose a framework for con- ceptualizing how woody plant encroachment is likely to affect components of the water cycle within these ecosystems. We focus in particular on streamflow and the partitioning of evapotranspiration into evaporation and transpiration. On the basis of this framework, we suggest that streamflow and evaporation processes are affected by woody plant en- croachment in different ways, depending on the degree and seasonality of aridity and the availability of subsurface water. Differences in landscape physiography, climate, and runoff mechanisms mediate the influence of woody plants on hydrological processes. Streamflow is expected to decline as a result of woody plant encroachment in landscapes dominated by subsurface flow regimes. Similarly, encroachment of woody plants can be expected to produce an increase in the fractional contribution of bare soil evaporation to evapotrans- piration in semiarid ecosystems, whereas such shifts may be small or negligible in both subhumid and arid ecosystems. This framework for considering the effects of woody plant encroachment highlights important ecological and hydrological interactions that serve as a basis for predicting other ecological aspects of vegetation change—such as potential changes in carbon cycling within an ecosystem. In locations where woody plant encroach- ment results in increased plant transpiration and concurrently the availability of soil water is reduced, increased accumulation of carbon in soils emerges as one prediction. Thus, explicitly considering the ecohydrological linkages associated with vegetation change pro- vides needed information on the consequences of woody plant encroachment on water yield, carbon cycling, and other processes.","","Ecology","1","10.1890/03-0583","https://consensus.app/papers/ecohydrological-implications-of-woody-plant-wilcox-jackson/5f3ceb290d225a3e80032a8850c2c3e9/"
"Precipitation and nitrogen enrichment impact carbon exchange and stability: From antagonism to synergy with increasing shrub encroachment","Water and nitrogen additions in shrub-encroached grasslands can enhance carbon sequestration and stability, but their effects vary with encroachment stages and heterogeneous patches.","Jiang Zhu, Huan Wang, Hui Wang, Yanlian Pan, Yongfei Bai, Wenhuai Li, Shuxia Zheng",2025,1,"


Shrub encroachment in arid and semi‐arid grasslands is increasing due to global environmental changes, leading to greater vegetation and soil heterogeneity that threatens carbon sequestration. Alterations in global precipitation patterns and nitrogen (N) deposition impact water and nutrient availability, affecting carbon dynamics in these ecosystems. Despite this, existing research mainly focuses on traditional steppe ecosystems, with limited understanding of variations across different stages of shrub encroachment and within heterogeneous patches.

This study utilized a 4‐year (2020–2023) experimental approach in Inner Mongolia's shrub‐encroached grasslands, involving water and nitrogen (N) additions, to investigate carbon exchange parameters (NEE, GEP and ER) within both shrub and herbaceous patches. It assessed the effects of increased precipitation and N enrichment on carbon exchange and stability (resistance, resilience and temporal stability) across different stages of encroachment (non‐encroached, light, moderate and severe).

Water addition significantly enhanced net ecosystem carbon exchange (NEE) in shrub‐encroached grasslands, particularly during dry years (2020 and 2022). Although N addition had a minor impact on NEE, its effect varied with the extent of shrub encroachment. Herbaceous patches were more responsive to water addition, while shrub patches showed stronger responses to N addition.

The interaction between water and N was modulated by interannual precipitation variability and the level of shrub encroachment. Co‐additions of water and N promoted carbon sequestration during dry years with synergistic effects but exhibited antagonistic effects during wet and normal years. As shrub encroachment increased, the impact of water–N interaction on NEE transitioned from antagonistic to synergistic or additive. Notably, water addition enhanced drought resistance in shrub patches. Despite greater stability in shrub patches compared to herbaceous patches, the post‐drought resilience of ecosystem decreased with increasing encroachment intensity.

These findings provide insights into the long‐term impacts of shrub encroachment on ecosystem stability. Future assessments should consider differential responses across encroachment stages and heterogeneous patches to better understand how changes in precipitation and N deposition affect the structure, function and stability of shrub‐encroached grasslands. This study offers a novel perspective on the carbon cycling mechanisms in these ecosystems, informing evaluations of their carbon sequestration potential.

Read the free Plain Language Summary for this article on the Journal blog.","","Functional Ecology","1","10.1111/1365-2435.14725","https://consensus.app/papers/precipitation-and-nitrogen-enrichment-impact-carbon-bai-zhu/a39f9b8740fa587792f61393e968ee68/"
"Landscape Function Analysis: Responses to Bush Encroachment in a Semi-Arid Savanna in the Molopo Region, South Africa","Bush-encroached savanna rangelands in South Africa are fully functional, especially under drought conditions, with stability being the largest contributing factor.","K. Kellner, J. Fouché, D. Tongway, R. Boneschans, H. van Coller, N. van Staden",2022,6,"Various factors lead to increased woody species density, biomass and cover (so-called ‘bush encroachment’) that influence ecosystem functioning and services in semi-arid rangelands. Ultimately, bush encroachment has adverse effects on human livelihoods. An increased understanding of ecosystem functioning in bush-encroached rangelands could contribute to improved management, conservation and restoration. This study, therefore, aimed to determine landscape functioning of bush-encroached and controlled savanna rangelands in the Molopo region, South Africa, by using the landscape function analysis (LFA) monitoring procedure. Mixed models revealed no significant differences based on LFA indices between bush-thickened and bush-controlled sites due to drought conditions that prevailed while the survey was carried out. Stability, which revealed the largest LFA contributing factors, always had the highest numerical value for sites that were still bush-encroached. Soil analyses revealed that grass litter patches from aeroplane-controlled sites had the highest average nutrient levels. As expected, high percentages of carbon and calcium levels were found in bush-encroached shrub litter patches. Bush-encroached landscapes are fully functional areas, especially under drought conditions. Long-term research is required to determine the effects successful management has on ecosystem functioning, especially during periods of higher rainfall.","","Sustainability","1","10.3390/su14148616","https://consensus.app/papers/landscape-function-analysis-responses-to-bush-tongway-fouch%C3%A9/b883cffe348e5bbf861e55fb67b91653/"
"Woody Plant Encroachment Impacts on Groundwater Recharge: A Review","Woody plant encroachment impacts groundwater recharge at various scales, with mixed effects of removal, and further research is needed for long-range water resource planning.","B. Acharya, G. Kharel, C. Zou, B. Wilcox, T. Halihan",2018,70,"Woody plant encroachment has profound impacts on the sustainable management of water resources in water-limited ecosystems. However, our understanding of the effects of this global phenomenon on groundwater recharge at local and regional scales is limited. Here, we reviewed studies related to (i) recharge estimation methods; (ii) mechanisms by which woody plants impact groundwater recharge; (iii) impacts of woody plant on recharge across different soil and geology; (iv) hydrological repercussions of woody plant removal; and (v) research gaps and needs for groundwater studies. We identified six different methods: water balance, water table, isotopes, chloride mass balance, electrical geophysical imaging, and modeling were used to study the impact of woody encroachment on groundwater. Woody plant encroachment could alter soil infiltration rates, soil water storage, transpiration, interception, and subsurface pathways to affect groundwater recharge. The impact is highly variable, with the extent and the magnitude varying across the soil, substrate, plant cover, and topographic locations. Our review revealed mixed effects of woody plant removal on groundwater recharge. Studies of litter interception, root water uptake, soil moisture dynamics, and deep percolation along with the progression of woody plant encroachment are still limited, warranting further experimental studies focusing on groundwater recharge. Overall, information about woody plant encroachment impacts on groundwater resources across a range of scales is essential for long-range planning of water resources.","literature review","Water","1","10.3390/W10101466","https://consensus.app/papers/woody-plant-encroachment-impacts-on-groundwater-recharge-wilcox-acharya/ded7a6dffbfe5d51b434a9244f45e102/"
"The economics of landscape restoration: Benefits of controlling bush encroachment and invasive plant species in South Africa and Namibia","Controlling bush encroachment and invasive plant species in South Africa and Namibia can provide significant ecosystem services benefits whose value exceeds the costs of restoration.","W. Stafford, Catherine Birch, H. Etter, R. Blanchard, S. Mudavanhu, P. Angelstam, J. Blignaut, Louwrens Ferreira, C. Marais",2017,76,"","","Ecosystem services","1","10.1016/J.ECOSER.2016.11.021","https://consensus.app/papers/the-economics-of-landscape-restoration-benefits-of-birch-etter/dd4f1989a1b353fda2b072b7103ed5aa/"
"Advancements in the satellite sensing of the impacts of climate and variability on bush encroachment in savannah rangelands","Remote sensing is increasingly used to monitor bush encroachment in African savannah rangelands, fuelled by climate variability and change, impacting rural livelihoods, wildlife, and conservation efforts.","T. Maphanga, T. Dube, C. Shoko, Mbulisi Sibanda",2022,12,"","literature review","Remote Sensing Applications: Society and Environment","1","10.1016/j.rsase.2021.100689","https://consensus.app/papers/advancements-in-the-satellite-sensing-of-the-impacts-of-shoko-sibanda/21c49d9577c0551594d96f9f1c38143f/"
"Belowground impacts of alpine woody encroachment are determined by plant traits, local climate, and soil conditions","Alpine woody encroachment significantly impacts soil microbial richness and community composition, with root symbiont type, climate, and abiotic soil conditions playing key roles.","Courtney G. Collins, M. Spasojevic, C. Alados, E. Aronson, J. C. Benavides, N. Cannone, C. Caviezel, O. Grau, Hui Guo, G. Kudo, N. Kuhn, J. Müllerová, M. Phillips, Nuttapon Pombubpa, F. Reverchon, Hannah B Shulman, J. Stajich, A. Stokes, S. Weber, J. Diez",2020,32,"Global climate and land use change are causing woody plant encroachment in arctic, alpine, and arid/semi‐arid ecosystems around the world, yet our understanding of the belowground impacts of this phenomenon is limited. We conducted a globally distributed field study of 13 alpine sites across four continents undergoing woody plant encroachment and sampled soils from both woody encroached and nearby herbaceous plant community types. We found that woody plant encroachment influenced soil microbial richness and community composition across sites based on multiple factors including woody plant traits, site level climate, and abiotic soil conditions. In particular, root symbiont type was a key determinant of belowground effects, as Nitrogen‐fixing woody plants had higher soil fungal richness, while Ecto/Ericoid mycorrhizal species had higher soil bacterial richness and symbiont types had distinct soil microbial community composition. Woody plant leaf traits indirectly influenced soil microbes through their impact on soil abiotic conditions, primarily soil pH and C:N ratios. Finally, site‐level climate affected the overall magnitude and direction of woody plant influence, as soil fungal and bacterial richness were either higher or lower in woody encroached versus herbaceous soils depending on mean annual temperature and precipitation. All together, these results document global impacts of woody plant encroachment on soil microbial communities, but highlight that multiple biotic and abiotic pathways must be considered to scale up globally from site‐ and species‐level patterns. Considering both the aboveground and belowground effects of woody encroachment will be critical to predict future changes in alpine ecosystem structure and function and subsequent feedbacks to the global climate system.","","Global Change Biology","1","10.1111/gcb.15340","https://consensus.app/papers/belowground-impacts-of-alpine-woody-encroachment-are-phillips-caviezel/cc4e421fd8c052dc840423e44dc4909c/"
"Combined effects of fire and drought are not sufficient to slow shrub encroachment in tallgrass prairie.","Increasing fire frequency and multi-year drought alone are insufficient to reduce shrub biomass and stem density in tallgrass prairies, even when fire frequency is high.","R. Keen, S. Bachle, M. Bartmess, J. Nippert",2024,1,"Woody encroachment—the spread of woody vegetation in open ecosystems—is a common threat to grasslands worldwide. Reversing encroachment can be exceedingly difficult once shrubs become established, particularly clonal species that resprout following disturbance. Single stressors are unlikely to reverse woody encroachment, but using multiple stressors in tandem could be successful in slowing or reversing encroachment. We explored whether increasing fire frequency in conjunction with multi-year drought could reduce growth and survival of encroaching shrubs in a tallgrass prairie in northeastern Kansas, USA. Passive rainout shelters (~ 50% rainfall reduction) were constructed over mature clonal shrubs (Cornus drummondii) and co-existing C_4 grasses in two fire treatments (1-year and 4-year burn frequency). Leaf- and whole-plant level physiological responses to drought and fire frequency were monitored in shrubs and grasses from 2019 to 2022. Shrub biomass and stem density following fire were unaffected by five years of consecutive drought treatment, regardless of fire frequency. The drought treatment had more negative effects on grass leaf water potential and photosynthetic rates compared to shrubs. Shrub photosynthetic rates were remarkably stable across each growing season. Overall, we found that five consecutive years of moderate drought in combination with fire was not sufficient to reduce biomass production or stem density in an encroaching clonal shrub (C. drummondii). These results suggest that moderate but chronic press-drought events do not sufficiently stress encroaching clonal shrubs to negatively impact their resilience following fire events, even when fire frequency is high.","non-rct experimental","Oecologia","1","10.1007/s00442-024-05526-x","https://consensus.app/papers/combined-effects-of-fire-and-drought-are-not-sufficient-to-bachle-bartmess/43c0989ec51250b891d657e76580103e/"
